{"1":[{"_id":1,
		"name":"Ambrane CBM-15 1.5m Braided 1.5 m Micro USB Cable  (Compatible with Mobile, Tablet, Computer, Gaming Console, White, Black, One Cable)",
		"desc":["Price : 249.0 Rs.", "Warranty : 6 Months Manufacturer Warranty", "Cable Length : 1.5 m", "Length 1.5 m", "Round Cable", "Connector One: USB A|Connector Two: Micro USB", "Cable Speed: 480 Mbps", "Gaming Console, Computer, Tablet, Mobile"],
		"image" : "1.jpg"}],
"2":[{"_id":2,
	"name":"Apple AirPods with Wireless Charging Case",
	"desc":["Price: 18,900.00 Rs.", "Automatically on, automatically connected","Easy setup for all your Apple devices","Quick access to Siri by saying *Hey Siri*","Double-tap to play or skip forward","New Apple H1 headphone chip delivers faster wireless connection to your devices","Charges quickly in the case","Case can be charged either wirelessly using a Qi-compatible charging mat or using the Lightning connector","Rich, high-quality audio and voice","Listen and talk all day with multiple charges from the Charging Case"],
	"image":"2.jpg"}],
"3":[{"_id":3,
	"name":"OPPO A5 2020 (Dazzling White, 4GB RAM, 64GB Storage) with No Cost EMI/Additional Exchange Offers",
	"desc":["Price: 11,990.00 Rs.","12+8+2+2MP rear camera with 119 degree ultra wide, ultra night mode, video EIS anti-shake, portrait | 8MP AI front camera","16.5 centimeters (6.5-inch) with 1600 x 720 pixels resolution and waterdrop screen | Corning Gorilla 3+ screen, sunlight screen, night shield with blue light filter","Memory, Storage & SIM: 4GB RAM | 64GB internal memory expandable up to 256GB | Dual SIM (nano+nano) dual-standby (4G+4G)","Android v9.0 based on Color OS 6.1 operating system with 2.0GHz SM6125 Qualcomm Snapdragon 665 octa core processor, Adreno 610 GPU","5000mAH lithium-polymer battery | reverse charging supported","1 year manufacturer warranty for device and 6 months manufacturer warranty for in-box accessories including batteries from the date of purchase","Box also includes: Handset,Type-C cable, SIM tray ejecter, pre-applied screen protector and protective case, booklet with warranty card and quick guide","Country of Origin: India"],
	"image":"4.jpg"
	}]
}